{
    "Model":{
        "0":"Logistic Regression",
        "1":"Decision Tree",
        "2":"Random Forest"
    },
    "Accuracy":{
        "0":0.6,
        "1":0.6,
        "2":0.6
    },
    "Precision":{
        "0":0.4285714286,
        "1":0.4285714286,
        "2":0.4
    },
    "Recall":{
        "0":0.3333333333,
        "1":0.3333333333,
        "2":0.2222222222
    },
    "F1-score":{
        "0":0.375,
        "1":0.375,
        "2":0.2857142857
    }
}